venue,area,deadline,website
ML4H,Healthcare,2023-09-07 23:59:00 +0000,https://ml4health.github.io/2023/index.html
MLHC,Healthcare,2024-04-09 17:59:00 -0500,https://www.mlforhc.org
CHIL,Healthcare,2024-02-05 23:59:00,https://www.chilconference.org
PSB,CompBio,2024-08-01 23:59:00 +0000, http://psb.stanford.edu
ISMB,CompBio,2024-04-19 23:59:00 +0000,https://www.iscb.org/ismb2024/key-dates
RECOMB,CompBio,2023-10-23 17:00:00 -0400,https://recomb.org/recomb2024/keydates_and_deadlines.html
KDD,AI,2024-02-08 23:59:00 -0800,https://kdd2024.kdd.org/
AAAI,AI,2023-08-08 23:59:00 -1000,https://aaai.org/aaai-conference/
IJCAI,AI,2024-01-10 23:59:00 -1200,https://www.ijcai24.org
ICLR,ML,2023-09-21 8:00:00 -0700,http://www.iclr.cc
AISTATS,ML,2023-10-06 23:59:00 +0000, http://www.aistats.org
NeurIPS,ML,2024-05-15 13:00:00,http://nips.cc
UAI,ML,2024-02-09 23:59:00 +0100,http://auai.org/uai2024
MLSys,ML,2023-10-27 23:59:00 +0000,https://mlsys.org
ICML,ML,2024-02-01 23:59:00 +0000,http://icml.cc
MLCB,CompBio,2024-06-15 23:59:00 -0700,https://sites.google.com/cs.washington.edu/mlcb2024
